"requestedUrl","finalDisplayedUrl","fetchTime","gatherMode"
"https://vsmac.com/","https://vsmac.com/","2026-06-19T11:42:18.272Z","navigation"

category,score
"performance","0.6"
"accessibility","0.86"
"best-practices","0.82"
"seo","0.91"

category,audit,score,displayValue,description
"performance","first-contentful-paint","0.03","6.2 s","First Contentful Paint marks the time at which the first text or image is painted. [Learn more about the First Contentful Paint metric](https://developer.chrome.com/docs/lighthouse/performance/first-contentful-paint/)."
"performance","largest-contentful-paint","0","54.1 s","Largest Contentful Paint marks the time at which the largest text or image is painted. [Learn more about the Largest Contentful Paint metric](https://developer.chrome.com/docs/lighthouse/performance/lighthouse-largest-contentful-paint/)"
"performance","total-blocking-time","1","0 ms","Sum of all time periods between FCP and Time to Interactive, when task length exceeded 50ms, expressed in milliseconds. [Learn more about the Total Blocking Time metric](https://developer.chrome.com/docs/lighthouse/performance/lighthouse-total-blocking-time/)."
"performance","cumulative-layout-shift","1","0.007","Cumulative Layout Shift measures the movement of visible elements within the viewport. [Learn more about the Cumulative Layout Shift metric](https://web.dev/articles/cls)."
"performance","speed-index","0.43","6.2 s","Speed Index shows how quickly the contents of a page are visibly populated. [Learn more about the Speed Index metric](https://developer.chrome.com/docs/lighthouse/performance/speed-index/)."
"performance","cache-insight","0","Est savings of 826 KiB","A long cache lifetime can speed up repeat visits to your page. [Learn more](https://web.dev/uses-long-cache-ttl/)."
"performance","cls-culprits-insight","1","","Layout shifts occur when elements move absent any user interaction. [Investigate the causes of layout shifts](https://web.dev/articles/optimize-cls), such as elements being added, removed, or their fonts changing as the page loads."
"performance","document-latency-insight","1","","Your first network request is the most important.  Reduce its latency by avoiding redirects, ensuring a fast server response, and enabling text compression."
"performance","dom-size-insight","1","","A large DOM can increase the duration of style calculations and layout reflows, impacting page responsiveness. A large DOM will also increase memory usage. [Learn how to avoid an excessive DOM size](https://developer.chrome.com/docs/lighthouse/performance/dom-size/)."
"performance","duplicated-javascript-insight","1","","Remove large, duplicate JavaScript modules from bundles to reduce unnecessary bytes consumed by network activity."
"performance","font-display-insight","0","Est savings of 100 ms","Consider setting [font-display](https://developer.chrome.com/blog/font-display) to swap or optional to ensure text is consistently visible. swap can be further optimized to mitigate layout shifts with [font metric overrides](https://developer.chrome.com/blog/font-fallbacks)."
"performance","forced-reflow-insight","0","","A forced reflow occurs when JavaScript queries geometric properties (such as offsetWidth) after styles have been invalidated by a change to the DOM state. This can result in poor performance. Learn more about [forced reflows](https://developers.google.com/web/fundamentals/performance/rendering/avoid-large-complex-layouts-and-layout-thrashing#avoid-forced-synchronous-layouts) and possible mitigations."
"performance","image-delivery-insight","1","","Reducing the download time of images can improve the perceived load time of the page and LCP. [Learn more about optimizing image size](https://developer.chrome.com/docs/lighthouse/performance/uses-optimized-images/)"
"performance","inp-breakdown-insight","null","","Start investigating with the longest subpart. [Delays can be minimized](https://web.dev/articles/optimize-inp#optimize_interactions). To reduce processing duration, [optimize the main-thread costs](https://web.dev/articles/optimize-long-tasks), often JS."
"performance","lcp-breakdown-insight","1","","Each [subpart has specific improvement strategies](https://web.dev/articles/optimize-lcp#lcp-breakdown). Ideally, most of the LCP time should be spent on loading the resources, not within delays."
"performance","lcp-discovery-insight","0","","Optimize LCP by making the LCP image [discoverable](https://web.dev/articles/optimize-lcp#1_eliminate_resource_load_delay) from the HTML immediately, and [avoiding lazy-loading](https://web.dev/articles/lcp-lazy-loading)"
"performance","legacy-javascript-insight","1","","Polyfills and transforms enable older browsers to use new JavaScript features. However, many aren't necessary for modern browsers. Consider modifying your JavaScript build process to not transpile [Baseline](https://web.dev/articles/baseline-and-polyfills) features, unless you know you must support older browsers. [Learn why most sites can deploy ES6+ code without transpiling](https://philipwalton.com/articles/the-state-of-es5-on-the-web/)"
"performance","modern-http-insight","1","","HTTP/2 and HTTP/3 offer many benefits over HTTP/1.1, such as multiplexing. [Learn more about using modern HTTP](https://developer.chrome.com/docs/lighthouse/best-practices/uses-http2/)."
"performance","network-dependency-tree-insight","0","","[Avoid chaining critical requests](https://developer.chrome.com/docs/lighthouse/performance/critical-request-chains) by reducing the length of chains, reducing the download size of resources, or deferring the download of unnecessary resources to improve page load."
"performance","render-blocking-insight","1","","Requests are blocking the page's initial render, which may delay LCP. [Deferring or inlining](https://web.dev/learn/performance/understanding-the-critical-path#render-blocking_resources) can move these network requests out of the critical path."
"performance","third-parties-insight","1","","3rd party code can significantly impact load performance. [Reduce and defer loading of 3rd party code](https://web.dev/articles/optimizing-content-efficiency-loading-third-party-javascript/) to prioritize your page's content."
"performance","viewport-insight","1","","Tap interactions may be [delayed by up to 300 ms](https://developer.chrome.com/blog/300ms-tap-delay-gone-away/) if the viewport is not optimized for mobile."
"performance","interactive","0","54.1 s","Time to Interactive is the amount of time it takes for the page to become fully interactive. [Learn more about the Time to Interactive metric](https://developer.chrome.com/docs/lighthouse/performance/interactive/)."
"performance","max-potential-fid","1","20 ms","The maximum potential First Input Delay that your users could experience is the duration of the longest task. [Learn more about the Maximum Potential First Input Delay metric](https://developer.chrome.com/docs/lighthouse/performance/lighthouse-max-potential-fid/)."
"performance","first-meaningful-paint","null","","First Meaningful Paint measures when the primary content of a page is visible. [Learn more about the First Meaningful Paint metric](https://developer.chrome.com/docs/lighthouse/performance/first-meaningful-paint/)."
"performance","render-blocking-resources","1","","Resources are blocking the first paint of your page. Consider delivering critical JS/CSS inline and deferring all non-critical JS/styles. [Learn how to eliminate render-blocking resources](https://developer.chrome.com/docs/lighthouse/performance/render-blocking-resources/)."
"performance","uses-responsive-images","0","Est savings of 2,338 KiB","Serve images that are appropriately-sized to save cellular data and improve load time. [Learn how to size images](https://developer.chrome.com/docs/lighthouse/performance/uses-responsive-images/)."
"performance","offscreen-images","1","","Consider lazy-loading offscreen and hidden images after all critical resources have finished loading to lower time to interactive. [Learn how to defer offscreen images](https://developer.chrome.com/docs/lighthouse/performance/offscreen-images/)."
"performance","unminified-css","1","","Minifying CSS files can reduce network payload sizes. [Learn how to minify CSS](https://developer.chrome.com/docs/lighthouse/performance/unminified-css/)."
"performance","unminified-javascript","1","","Minifying JavaScript files can reduce payload sizes and script parse time. [Learn how to minify JavaScript](https://developer.chrome.com/docs/lighthouse/performance/unminified-javascript/)."
"performance","unused-css-rules","1","","Reduce unused rules from stylesheets and defer CSS not used for above-the-fold content to decrease bytes consumed by network activity. [Learn how to reduce unused CSS](https://developer.chrome.com/docs/lighthouse/performance/unused-css-rules/)."
"performance","unused-javascript","0","Est savings of 215 KiB","Reduce unused JavaScript and defer loading scripts until they are required to decrease bytes consumed by network activity. [Learn how to reduce unused JavaScript](https://developer.chrome.com/docs/lighthouse/performance/unused-javascript/)."
"performance","uses-optimized-images","1","","Optimized images load faster and consume less cellular data. [Learn how to efficiently encode images](https://developer.chrome.com/docs/lighthouse/performance/uses-optimized-images/)."
"performance","modern-image-formats","1","","Image formats like WebP and AVIF often provide better compression than PNG or JPEG, which means faster downloads and less data consumption. [Learn more about modern image formats](https://developer.chrome.com/docs/lighthouse/performance/uses-webp-images/)."
"performance","uses-text-compression","1","","Text-based resources should be served with compression (gzip, deflate or brotli) to minimize total network bytes. [Learn more about text compression](https://developer.chrome.com/docs/lighthouse/performance/uses-text-compression/)."
"performance","uses-rel-preconnect","1","","Consider adding `preconnect` or `dns-prefetch` resource hints to establish early connections to important third-party origins. [Learn how to preconnect to required origins](https://developer.chrome.com/docs/lighthouse/performance/uses-rel-preconnect/)."
"performance","server-response-time","1","Root document took 50 ms","Keep the server response time for the main document short because all other requests depend on it. [Learn more about the Time to First Byte metric](https://developer.chrome.com/docs/lighthouse/performance/time-to-first-byte/)."
"performance","redirects","1","","Redirects introduce additional delays before the page can be loaded. [Learn how to avoid page redirects](https://developer.chrome.com/docs/lighthouse/performance/redirects/)."
"performance","uses-http2","1","","HTTP/2 offers many benefits over HTTP/1.1, including binary headers and multiplexing. [Learn more about HTTP/2](https://developer.chrome.com/docs/lighthouse/best-practices/uses-http2/)."
"performance","efficient-animated-content","1","","Large GIFs are inefficient for delivering animated content. Consider using MPEG4/WebM videos for animations and PNG/WebP for static images instead of GIF to save network bytes. [Learn more about efficient video formats](https://developer.chrome.com/docs/lighthouse/performance/efficient-animated-content/)"
"performance","duplicated-javascript","1","","Remove large, duplicate JavaScript modules from bundles to reduce unnecessary bytes consumed by network activity. "
"performance","legacy-javascript","1","","Polyfills and transforms enable legacy browsers to use new JavaScript features. However, many aren't necessary for modern browsers. Consider modifying your JavaScript build process to not transpile [Baseline](https://web.dev/baseline) features, unless you know you must support legacy browsers. [Learn why most sites can deploy ES6+ code without transpiling](https://philipwalton.com/articles/the-state-of-es5-on-the-web/)"
"performance","prioritize-lcp-image","1","","If the LCP element is dynamically added to the page, you should preload the image in order to improve LCP. [Learn more about preloading LCP elements](https://web.dev/articles/optimize-lcp#optimize_when_the_resource_is_discovered)."
"performance","total-byte-weight","0.5","Total size was 10,687 KiB","Large network payloads cost users real money and are highly correlated with long load times. [Learn how to reduce payload sizes](https://developer.chrome.com/docs/lighthouse/performance/total-byte-weight/)."
"performance","uses-long-cache-ttl","0.5","14 resources found","A long cache lifetime can speed up repeat visits to your page. [Learn more about efficient cache policies](https://developer.chrome.com/docs/lighthouse/performance/uses-long-cache-ttl/)."
"performance","dom-size","1","194 elements","A large DOM will increase memory usage, cause longer [style calculations](https://developers.google.com/web/fundamentals/performance/rendering/reduce-the-scope-and-complexity-of-style-calculations), and produce costly [layout reflows](https://developers.google.com/speed/articles/reflow). [Learn how to avoid an excessive DOM size](https://developer.chrome.com/docs/lighthouse/performance/dom-size/)."
"performance","critical-request-chains","1","15 chains found","The Critical Request Chains below show you what resources are loaded with a high priority. Consider reducing the length of chains, reducing the download size of resources, or deferring the download of unnecessary resources to improve page load. [Learn how to avoid chaining critical requests](https://developer.chrome.com/docs/lighthouse/performance/critical-request-chains/)."
"performance","user-timings","null","","Consider instrumenting your app with the User Timing API to measure your app's real-world performance during key user experiences. [Learn more about User Timing marks](https://developer.chrome.com/docs/lighthouse/performance/user-timings/)."
"performance","bootup-time","0.5","2.7 s","Consider reducing the time spent parsing, compiling, and executing JS. You may find delivering smaller JS payloads helps with this. [Learn how to reduce Javascript execution time](https://developer.chrome.com/docs/lighthouse/performance/bootup-time/)."
"performance","mainthread-work-breakdown","0.5","5.3 s","Consider reducing the time spent parsing, compiling and executing JS. You may find delivering smaller JS payloads helps with this. [Learn how to minimize main-thread work](https://developer.chrome.com/docs/lighthouse/performance/mainthread-work-breakdown/)"
"performance","font-display","1","","Leverage the `font-display` CSS feature to ensure text is user-visible while webfonts are loading. [Learn more about `font-display`](https://developer.chrome.com/docs/lighthouse/performance/font-display/)."
"performance","third-party-summary","1","Third-party code blocked the main thread for 0 ms","Third-party code can significantly impact load performance. Limit the number of redundant third-party providers and try to load third-party code after your page has primarily finished loading. [Learn how to minimize third-party impact](https://developers.google.com/web/fundamentals/performance/optimizing-content-efficiency/loading-third-party-javascript/)."
"performance","third-party-facades","null","","Some third-party embeds can be lazy loaded. Consider replacing them with a facade until they are required. [Learn how to defer third-parties with a facade](https://developer.chrome.com/docs/lighthouse/performance/third-party-facades/)."
"performance","largest-contentful-paint-element","0","54,080 ms","This is the largest contentful element painted within the viewport. [Learn more about the Largest Contentful Paint element](https://developer.chrome.com/docs/lighthouse/performance/lighthouse-largest-contentful-paint/)"
"performance","lcp-lazy-loaded","1","","Above-the-fold images that are lazily loaded render later in the page lifecycle, which can delay the largest contentful paint. [Learn more about optimal lazy loading](https://web.dev/articles/lcp-lazy-loading)."
"performance","layout-shifts","1","13 layout shifts found","These are the largest layout shifts observed on the page. Each table item represents a single layout shift, and shows the element that shifted the most. Below each item are possible root causes that led to the layout shift. Some of these layout shifts may not be included in the CLS metric value due to [windowing](https://web.dev/articles/cls#what_is_cls). [Learn how to improve CLS](https://web.dev/articles/optimize-cls)"
"performance","uses-passive-event-listeners","1","","Consider marking your touch and wheel event listeners as `passive` to improve your page's scroll performance. [Learn more about adopting passive event listeners](https://developer.chrome.com/docs/lighthouse/best-practices/uses-passive-event-listeners/)."
"performance","no-document-write","1","","For users on slow connections, external scripts dynamically injected via `document.write()` can delay page load by tens of seconds. [Learn how to avoid document.write()](https://developer.chrome.com/docs/lighthouse/best-practices/no-document-write/)."
"performance","long-tasks","1","13 long tasks found","Lists the longest tasks on the main thread, useful for identifying worst contributors to input delay. [Learn how to avoid long main-thread tasks](https://web.dev/articles/optimize-long-tasks)"
"performance","non-composited-animations","1","2 animated elements found","Animations which are not composited can be janky and increase CLS. [Learn how to avoid non-composited animations](https://developer.chrome.com/docs/lighthouse/performance/non-composited-animations/)"
"performance","unsized-images","1","","Set an explicit width and height on image elements to reduce layout shifts and improve CLS. [Learn how to set image dimensions](https://web.dev/articles/optimize-cls#images_without_dimensions)"
"performance","viewport","1","","A `<meta name=""viewport"">` not only optimizes your app for mobile screen sizes, but also prevents [a 300 millisecond delay to user input](https://developer.chrome.com/blog/300ms-tap-delay-gone-away/). [Learn more about using the viewport meta tag](https://developer.chrome.com/docs/lighthouse/pwa/viewport/)."
"performance","bf-cache","1","","Many navigations are performed by going back to a previous page, or forwards again. The back/forward cache (bfcache) can speed up these return navigations. [Learn more about the bfcache](https://developer.chrome.com/docs/lighthouse/performance/bf-cache/)"
"performance","network-requests","1","","Lists the network requests that were made during page load."
"performance","network-rtt","1","110 ms","Network round trip times (RTT) have a large impact on performance. If the RTT to an origin is high, it's an indication that servers closer to the user could improve performance. [Learn more about the Round Trip Time](https://hpbn.co/primer-on-latency-and-bandwidth/)."
"performance","network-server-latency","1","80 ms","Server latencies can impact web performance. If the server latency of an origin is high, it's an indication the server is overloaded or has poor backend performance. [Learn more about server response time](https://hpbn.co/primer-on-web-performance/#analyzing-the-resource-waterfall)."
"performance","main-thread-tasks","1","","Lists the toplevel main thread tasks that executed during page load."
"performance","diagnostics","1","","Collection of useful page vitals."
"performance","metrics","1","","Collects all available metrics."
"performance","screenshot-thumbnails","1","","This is what the load of your site looked like."
"performance","final-screenshot","1","","The last screenshot captured of the pageload."
"performance","script-treemap-data","1","","Used for treemap app"
"performance","resource-summary","1","","Aggregates all network requests and groups them by type"
"accessibility","accesskeys","null","","Access keys let users quickly focus a part of the page. For proper navigation, each access key must be unique. [Learn more about access keys](https://dequeuniversity.com/rules/axe/4.10/accesskeys)."
"accessibility","aria-allowed-attr","1","","Each ARIA `role` supports a specific subset of `aria-*` attributes. Mismatching these invalidates the `aria-*` attributes. [Learn how to match ARIA attributes to their roles](https://dequeuniversity.com/rules/axe/4.10/aria-allowed-attr)."
"accessibility","aria-allowed-role","1","","Many HTML elements can only be assigned certain ARIA roles. Using ARIA roles where they are not allowed can interfere with the accessibility of the web page. [Learn more about ARIA roles](https://dequeuniversity.com/rules/axe/4.10/aria-allowed-role)."
"accessibility","aria-command-name","1","","When an element doesn't have an accessible name, screen readers announce it with a generic name, making it unusable for users who rely on screen readers. [Learn how to make command elements more accessible](https://dequeuniversity.com/rules/axe/4.10/aria-command-name)."
"accessibility","aria-conditional-attr","1","","Some ARIA attributes are only allowed on an element under certain conditions. [Learn more about conditional ARIA attributes](https://dequeuniversity.com/rules/axe/4.10/aria-conditional-attr)."
"accessibility","aria-deprecated-role","1","","Deprecated ARIA roles may not be processed correctly by assistive technology. [Learn more about deprecated ARIA roles](https://dequeuniversity.com/rules/axe/4.10/aria-deprecated-role)."
"accessibility","aria-dialog-name","null","","ARIA dialog elements without accessible names may prevent screen readers users from discerning the purpose of these elements. [Learn how to make ARIA dialog elements more accessible](https://dequeuniversity.com/rules/axe/4.10/aria-dialog-name)."
"accessibility","aria-hidden-body","1","","Assistive technologies, like screen readers, work inconsistently when `aria-hidden=""true""` is set on the document `<body>`. [Learn how `aria-hidden` affects the document body](https://dequeuniversity.com/rules/axe/4.10/aria-hidden-body)."
"accessibility","aria-hidden-focus","1","","Focusable descendents within an `[aria-hidden=""true""]` element prevent those interactive elements from being available to users of assistive technologies like screen readers. [Learn how `aria-hidden` affects focusable elements](https://dequeuniversity.com/rules/axe/4.10/aria-hidden-focus)."
"accessibility","aria-input-field-name","null","","When an input field doesn't have an accessible name, screen readers announce it with a generic name, making it unusable for users who rely on screen readers. [Learn more about input field labels](https://dequeuniversity.com/rules/axe/4.10/aria-input-field-name)."
"accessibility","aria-meter-name","null","","When a meter element doesn't have an accessible name, screen readers announce it with a generic name, making it unusable for users who rely on screen readers. [Learn how to name `meter` elements](https://dequeuniversity.com/rules/axe/4.10/aria-meter-name)."
"accessibility","aria-progressbar-name","null","","When a `progressbar` element doesn't have an accessible name, screen readers announce it with a generic name, making it unusable for users who rely on screen readers. [Learn how to label `progressbar` elements](https://dequeuniversity.com/rules/axe/4.10/aria-progressbar-name)."
"accessibility","aria-prohibited-attr","1","","Using ARIA attributes in roles where they are prohibited can mean that important information is not communicated to users of assistive technologies. [Learn more about prohibited ARIA roles](https://dequeuniversity.com/rules/axe/4.10/aria-prohibited-attr)."
"accessibility","aria-required-attr","1","","Some ARIA roles have required attributes that describe the state of the element to screen readers. [Learn more about roles and required attributes](https://dequeuniversity.com/rules/axe/4.10/aria-required-attr)."
"accessibility","aria-required-children","null","","Some ARIA parent roles must contain specific child roles to perform their intended accessibility functions. [Learn more about roles and required children elements](https://dequeuniversity.com/rules/axe/4.10/aria-required-children)."
"accessibility","aria-required-parent","null","","Some ARIA child roles must be contained by specific parent roles to properly perform their intended accessibility functions. [Learn more about ARIA roles and required parent element](https://dequeuniversity.com/rules/axe/4.10/aria-required-parent)."
"accessibility","aria-roles","1","","ARIA roles must have valid values in order to perform their intended accessibility functions. [Learn more about valid ARIA roles](https://dequeuniversity.com/rules/axe/4.10/aria-roles)."
"accessibility","aria-text","null","","Adding `role=text` around a text node split by markup enables VoiceOver to treat it as one phrase, but the element's focusable descendents will not be announced. [Learn more about the `role=text` attribute](https://dequeuniversity.com/rules/axe/4.10/aria-text)."
"accessibility","aria-toggle-field-name","null","","When a toggle field doesn't have an accessible name, screen readers announce it with a generic name, making it unusable for users who rely on screen readers. [Learn more about toggle fields](https://dequeuniversity.com/rules/axe/4.10/aria-toggle-field-name)."
"accessibility","aria-tooltip-name","null","","When a tooltip element doesn't have an accessible name, screen readers announce it with a generic name, making it unusable for users who rely on screen readers. [Learn how to name `tooltip` elements](https://dequeuniversity.com/rules/axe/4.10/aria-tooltip-name)."
"accessibility","aria-treeitem-name","null","","When a `treeitem` element doesn't have an accessible name, screen readers announce it with a generic name, making it unusable for users who rely on screen readers. [Learn more about labeling `treeitem` elements](https://dequeuniversity.com/rules/axe/4.10/aria-treeitem-name)."
"accessibility","aria-valid-attr-value","1","","Assistive technologies, like screen readers, can't interpret ARIA attributes with invalid values. [Learn more about valid values for ARIA attributes](https://dequeuniversity.com/rules/axe/4.10/aria-valid-attr-value)."
"accessibility","aria-valid-attr","1","","Assistive technologies, like screen readers, can't interpret ARIA attributes with invalid names. [Learn more about valid ARIA attributes](https://dequeuniversity.com/rules/axe/4.10/aria-valid-attr)."
"accessibility","button-name","null","","When a button doesn't have an accessible name, screen readers announce it as ""button"", making it unusable for users who rely on screen readers. [Learn how to make buttons more accessible](https://dequeuniversity.com/rules/axe/4.10/button-name)."
"accessibility","bypass","null","","Adding ways to bypass repetitive content lets keyboard users navigate the page more efficiently. [Learn more about bypass blocks](https://dequeuniversity.com/rules/axe/4.10/bypass)."
"accessibility","color-contrast","1","","Low-contrast text is difficult or impossible for many users to read. [Learn how to provide sufficient color contrast](https://dequeuniversity.com/rules/axe/4.10/color-contrast)."
"accessibility","definition-list","null","","When definition lists are not properly marked up, screen readers may produce confusing or inaccurate output. [Learn how to structure definition lists correctly](https://dequeuniversity.com/rules/axe/4.10/definition-list)."
"accessibility","dlitem","null","","Definition list items (`<dt>` and `<dd>`) must be wrapped in a parent `<dl>` element to ensure that screen readers can properly announce them. [Learn how to structure definition lists correctly](https://dequeuniversity.com/rules/axe/4.10/dlitem)."
"accessibility","document-title","1","","The title gives screen reader users an overview of the page, and search engine users rely on it heavily to determine if a page is relevant to their search. [Learn more about document titles](https://dequeuniversity.com/rules/axe/4.10/document-title)."
"accessibility","duplicate-id-aria","null","","The value of an ARIA ID must be unique to prevent other instances from being overlooked by assistive technologies. [Learn how to fix duplicate ARIA IDs](https://dequeuniversity.com/rules/axe/4.10/duplicate-id-aria)."
"accessibility","form-field-multiple-labels","null","","Form fields with multiple labels can be confusingly announced by assistive technologies like screen readers which use either the first, the last, or all of the labels. [Learn how to use form labels](https://dequeuniversity.com/rules/axe/4.10/form-field-multiple-labels)."
"accessibility","frame-title","null","","Screen reader users rely on frame titles to describe the contents of frames. [Learn more about frame titles](https://dequeuniversity.com/rules/axe/4.10/frame-title)."
"accessibility","heading-order","null","","Properly ordered headings that do not skip levels convey the semantic structure of the page, making it easier to navigate and understand when using assistive technologies. [Learn more about heading order](https://dequeuniversity.com/rules/axe/4.10/heading-order)."
"accessibility","html-has-lang","0","","If a page doesn't specify a `lang` attribute, a screen reader assumes that the page is in the default language that the user chose when setting up the screen reader. If the page isn't actually in the default language, then the screen reader might not announce the page's text correctly. [Learn more about the `lang` attribute](https://dequeuniversity.com/rules/axe/4.10/html-has-lang)."
"accessibility","html-lang-valid","null","","Specifying a valid [BCP 47 language](https://www.w3.org/International/questions/qa-choosing-language-tags#question) helps screen readers announce text properly. [Learn how to use the `lang` attribute](https://dequeuniversity.com/rules/axe/4.10/html-lang-valid)."
"accessibility","html-xml-lang-mismatch","null","","If the webpage does not specify a consistent language, then the screen reader might not announce the page's text correctly. [Learn more about the `lang` attribute](https://dequeuniversity.com/rules/axe/4.10/html-xml-lang-mismatch)."
"accessibility","image-alt","null","","Informative elements should aim for short, descriptive alternate text. Decorative elements can be ignored with an empty alt attribute. [Learn more about the `alt` attribute](https://dequeuniversity.com/rules/axe/4.10/image-alt)."
"accessibility","image-redundant-alt","null","","Informative elements should aim for short, descriptive alternative text. Alternative text that is exactly the same as the text adjacent to the link or image is potentially confusing for screen reader users, because the text will be read twice. [Learn more about the `alt` attribute](https://dequeuniversity.com/rules/axe/4.10/image-redundant-alt)."
"accessibility","input-button-name","null","","Adding discernable and accessible text to input buttons may help screen reader users understand the purpose of the input button. [Learn more about input buttons](https://dequeuniversity.com/rules/axe/4.10/input-button-name)."
"accessibility","input-image-alt","null","","When an image is being used as an `<input>` button, providing alternative text can help screen reader users understand the purpose of the button. [Learn about input image alt text](https://dequeuniversity.com/rules/axe/4.10/input-image-alt)."
"accessibility","label","null","","Labels ensure that form controls are announced properly by assistive technologies, like screen readers. [Learn more about form element labels](https://dequeuniversity.com/rules/axe/4.10/label)."
"accessibility","link-in-text-block","null","","Low-contrast text is difficult or impossible for many users to read. Link text that is discernible improves the experience for users with low vision. [Learn how to make links distinguishable](https://dequeuniversity.com/rules/axe/4.10/link-in-text-block)."
"accessibility","link-name","null","","Link text (and alternate text for images, when used as links) that is discernible, unique, and focusable improves the navigation experience for screen reader users. [Learn how to make links accessible](https://dequeuniversity.com/rules/axe/4.10/link-name)."
"accessibility","list","null","","Screen readers have a specific way of announcing lists. Ensuring proper list structure aids screen reader output. [Learn more about proper list structure](https://dequeuniversity.com/rules/axe/4.10/list)."
"accessibility","listitem","null","","Screen readers require list items (`<li>`) to be contained within a parent `<ul>`, `<ol>` or `<menu>` to be announced properly. [Learn more about proper list structure](https://dequeuniversity.com/rules/axe/4.10/listitem)."
"accessibility","meta-refresh","null","","Users do not expect a page to refresh automatically, and doing so will move focus back to the top of the page. This may create a frustrating or confusing experience. [Learn more about the refresh meta tag](https://dequeuniversity.com/rules/axe/4.10/meta-refresh)."
"accessibility","meta-viewport","0","","Disabling zooming is problematic for users with low vision who rely on screen magnification to properly see the contents of a web page. [Learn more about the viewport meta tag](https://dequeuniversity.com/rules/axe/4.10/meta-viewport)."
"accessibility","object-alt","null","","Screen readers cannot translate non-text content. Adding alternate text to `<object>` elements helps screen readers convey meaning to users. [Learn more about alt text for `object` elements](https://dequeuniversity.com/rules/axe/4.10/object-alt)."
"accessibility","select-name","null","","Form elements without effective labels can create frustrating experiences for screen reader users. [Learn more about the `select` element](https://dequeuniversity.com/rules/axe/4.10/select-name)."
"accessibility","skip-link","null","","Including a skip link can help users skip to the main content to save time. [Learn more about skip links](https://dequeuniversity.com/rules/axe/4.10/skip-link)."
"accessibility","tabindex","1","","A value greater than 0 implies an explicit navigation ordering. Although technically valid, this often creates frustrating experiences for users who rely on assistive technologies. [Learn more about the `tabindex` attribute](https://dequeuniversity.com/rules/axe/4.10/tabindex)."
"accessibility","table-duplicate-name","null","","The summary attribute should describe the table structure, while `<caption>` should have the onscreen title. Accurate table mark-up helps users of screen readers. [Learn more about summary and caption](https://dequeuniversity.com/rules/axe/4.10/table-duplicate-name)."
"accessibility","target-size","null","","Touch targets with sufficient size and spacing help users who may have difficulty targeting small controls to activate the targets. [Learn more about touch targets](https://dequeuniversity.com/rules/axe/4.10/target-size)."
"accessibility","td-headers-attr","null","","Screen readers have features to make navigating tables easier. Ensuring `<td>` cells using the `[headers]` attribute only refer to other cells in the same table may improve the experience for screen reader users. [Learn more about the `headers` attribute](https://dequeuniversity.com/rules/axe/4.10/td-headers-attr)."
"accessibility","th-has-data-cells","null","","Screen readers have features to make navigating tables easier. Ensuring table headers always refer to some set of cells may improve the experience for screen reader users. [Learn more about table headers](https://dequeuniversity.com/rules/axe/4.10/th-has-data-cells)."
"accessibility","valid-lang","null","","Specifying a valid [BCP 47 language](https://www.w3.org/International/questions/qa-choosing-language-tags#question) on elements helps ensure that text is pronounced correctly by a screen reader. [Learn how to use the `lang` attribute](https://dequeuniversity.com/rules/axe/4.10/valid-lang)."
"accessibility","video-caption","null","","When a video provides a caption it is easier for deaf and hearing impaired users to access its information. [Learn more about video captions](https://dequeuniversity.com/rules/axe/4.10/video-caption)."
"accessibility","focusable-controls","null","","Custom interactive controls are keyboard focusable and display a focus indicator. [Learn how to make custom controls focusable](https://developer.chrome.com/docs/lighthouse/accessibility/focusable-controls/)."
"accessibility","interactive-element-affordance","null","","Interactive elements, such as links and buttons, should indicate their state and be distinguishable from non-interactive elements. [Learn how to decorate interactive elements with affordance hints](https://developer.chrome.com/docs/lighthouse/accessibility/interactive-element-affordance/)."
"accessibility","logical-tab-order","null","","Tabbing through the page follows the visual layout. Users cannot focus elements that are offscreen. [Learn more about logical tab ordering](https://developer.chrome.com/docs/lighthouse/accessibility/logical-tab-order/)."
"accessibility","visual-order-follows-dom","null","","DOM order matches the visual order, improving navigation for assistive technology. [Learn more about DOM and visual ordering](https://developer.chrome.com/docs/lighthouse/accessibility/visual-order-follows-dom/)."
"accessibility","focus-traps","null","","A user can tab into and out of any control or region without accidentally trapping their focus. [Learn how to avoid focus traps](https://developer.chrome.com/docs/lighthouse/accessibility/focus-traps/)."
"accessibility","managed-focus","null","","If new content, such as a dialog, is added to the page, the user's focus is directed to it. [Learn how to direct focus to new content](https://developer.chrome.com/docs/lighthouse/accessibility/managed-focus/)."
"accessibility","use-landmarks","null","","Landmark elements (`<main>`, `<nav>`, etc.) are used to improve the keyboard navigation of the page for assistive technology. [Learn more about landmark elements](https://developer.chrome.com/docs/lighthouse/accessibility/use-landmarks/)."
"accessibility","offscreen-content-hidden","null","","Offscreen content is hidden with display: none or aria-hidden=true. [Learn how to properly hide offscreen content](https://developer.chrome.com/docs/lighthouse/accessibility/offscreen-content-hidden/)."
"accessibility","custom-controls-labels","null","","Custom interactive controls have associated labels, provided by aria-label or aria-labelledby. [Learn more about custom controls and labels](https://developer.chrome.com/docs/lighthouse/accessibility/custom-controls-labels/)."
"accessibility","custom-controls-roles","null","","Custom interactive controls have appropriate ARIA roles. [Learn how to add roles to custom controls](https://developer.chrome.com/docs/lighthouse/accessibility/custom-control-roles/)."
"accessibility","empty-heading","null","","A heading with no content or inaccessible text prevent screen reader users from accessing information on the page's structure. [Learn more about headings](https://dequeuniversity.com/rules/axe/4.10/empty-heading)."
"accessibility","identical-links-same-purpose","null","","Links with the same destination should have the same description, to help users understand the link's purpose and decide whether to follow it. [Learn more about identical links](https://dequeuniversity.com/rules/axe/4.10/identical-links-same-purpose)."
"accessibility","landmark-one-main","null","","One main landmark helps screen reader users navigate a web page. [Learn more about landmarks](https://dequeuniversity.com/rules/axe/4.10/landmark-one-main)."
"accessibility","label-content-name-mismatch","null","","Visible text labels that do not match the accessible name can result in a confusing experience for screen reader users. [Learn more about accessible names](https://dequeuniversity.com/rules/axe/4.10/label-content-name-mismatch)."
"accessibility","table-fake-caption","null","","Screen readers have features to make navigating tables easier. Ensuring that tables use the actual caption element instead of cells with the `[colspan]` attribute may improve the experience for screen reader users. [Learn more about captions](https://dequeuniversity.com/rules/axe/4.10/table-fake-caption)."
"accessibility","td-has-header","null","","Screen readers have features to make navigating tables easier. Ensuring that `<td>` elements in a large table (3 or more cells in width and height) have an associated table header may improve the experience for screen reader users. [Learn more about table headers](https://dequeuniversity.com/rules/axe/4.10/td-has-header)."
"best-practices","is-on-https","1","","All sites should be protected with HTTPS, even ones that don't handle sensitive data. This includes avoiding [mixed content](https://developers.google.com/web/fundamentals/security/prevent-mixed-content/what-is-mixed-content), where some resources are loaded over HTTP despite the initial request being served over HTTPS. HTTPS prevents intruders from tampering with or passively listening in on the communications between your app and your users, and is a prerequisite for HTTP/2 and many new web platform APIs. [Learn more about HTTPS](https://developer.chrome.com/docs/lighthouse/pwa/is-on-https/)."
"best-practices","redirects-http","null","","Make sure that you redirect all HTTP traffic to HTTPS in order to enable secure web features for all your users. [Learn more](https://developer.chrome.com/docs/lighthouse/pwa/redirects-http/)."
"best-practices","geolocation-on-start","1","","Users are mistrustful of or confused by sites that request their location without context. Consider tying the request to a user action instead. [Learn more about the geolocation permission](https://developer.chrome.com/docs/lighthouse/best-practices/geolocation-on-start/)."
"best-practices","notification-on-start","1","","Users are mistrustful of or confused by sites that request to send notifications without context. Consider tying the request to user gestures instead. [Learn more about responsibly getting permission for notifications](https://developer.chrome.com/docs/lighthouse/best-practices/notification-on-start/)."
"best-practices","csp-xss","1","","A strong Content Security Policy (CSP) significantly reduces the risk of cross-site scripting (XSS) attacks. [Learn how to use a CSP to prevent XSS](https://developer.chrome.com/docs/lighthouse/best-practices/csp-xss/)"
"best-practices","has-hsts","1","","Deployment of the HSTS header significantly reduces the risk of downgrading HTTP connections and eavesdropping attacks. A rollout in stages, starting with a low max-age is recommended. [Learn more about using a strong HSTS policy.](https://developer.chrome.com/docs/lighthouse/best-practices/has-hsts)"
"best-practices","origin-isolation","1","","The Cross-Origin-Opener-Policy (COOP) can be used to isolate the top-level window from other documents such as pop-ups. [Learn more about deploying the COOP header.](https://web.dev/articles/why-coop-coep#coop)"
"best-practices","clickjacking-mitigation","1","","The `X-Frame-Options` (XFO) header or the `frame-ancestors` directive in the `Content-Security-Policy` (CSP) header control where a page can be embedded. These can mitigate clickjacking attacks by blocking some or all sites from embedding the page. [Learn more about mitigating clickjacking](https://developer.chrome.com/docs/lighthouse/best-practices/clickjacking-mitigation)."
"best-practices","trusted-types-xss","1","","The `require-trusted-types-for` directive in the `Content-Security-Policy` (CSP) header instructs user agents to control the data passed to DOM XSS sink functions. [Learn more about mitigating DOM-based XSS with Trusted Types](https://developer.chrome.com/docs/lighthouse/best-practices/trusted-types-xss)."
"best-practices","paste-preventing-inputs","1","","Preventing input pasting is a bad practice for the UX, and weakens security by blocking password managers.[Learn more about user-friendly input fields](https://developer.chrome.com/docs/lighthouse/best-practices/paste-preventing-inputs/)."
"best-practices","image-aspect-ratio","1","","Image display dimensions should match natural aspect ratio. [Learn more about image aspect ratio](https://developer.chrome.com/docs/lighthouse/best-practices/image-aspect-ratio/)."
"best-practices","image-size-responsive","1","","Image natural dimensions should be proportional to the display size and the pixel ratio to maximize image clarity. [Learn how to provide responsive images](https://web.dev/articles/serve-responsive-images)."
"best-practices","viewport","1","","A `<meta name=""viewport"">` not only optimizes your app for mobile screen sizes, but also prevents [a 300 millisecond delay to user input](https://developer.chrome.com/blog/300ms-tap-delay-gone-away/). [Learn more about using the viewport meta tag](https://developer.chrome.com/docs/lighthouse/pwa/viewport/)."
"best-practices","font-size","1","100% legible text","Font sizes less than 12px are too small to be legible and require mobile visitors to “pinch to zoom” in order to read. Strive to have >60% of page text ≥12px. [Learn more about legible font sizes](https://developer.chrome.com/docs/lighthouse/seo/font-size/)."
"best-practices","doctype","1","","Specifying a doctype prevents the browser from switching to quirks-mode. [Learn more about the doctype declaration](https://developer.chrome.com/docs/lighthouse/best-practices/doctype/)."
"best-practices","charset","1","","A character encoding declaration is required. It can be done with a `<meta>` tag in the first 1024 bytes of the HTML or in the Content-Type HTTP response header. [Learn more about declaring the character encoding](https://developer.chrome.com/docs/lighthouse/best-practices/charset/)."
"best-practices","js-libraries","null","","All front-end JavaScript libraries detected on the page. [Learn more about this JavaScript library detection diagnostic audit](https://developer.chrome.com/docs/lighthouse/best-practices/js-libraries/)."
"best-practices","deprecations","0","1 warning found","Deprecated APIs will eventually be removed from the browser. [Learn more about deprecated APIs](https://developer.chrome.com/docs/lighthouse/best-practices/deprecations/)."
"best-practices","third-party-cookies","1","","Third-party cookies may be blocked in some contexts. [Learn more about preparing for third-party cookie restrictions](https://privacysandbox.google.com/cookies/prepare/overview)."
"best-practices","errors-in-console","1","","Errors logged to the console indicate unresolved problems. They can come from network request failures and other browser concerns. [Learn more about this errors in console diagnostic audit](https://developer.chrome.com/docs/lighthouse/best-practices/errors-in-console/)"
"best-practices","valid-source-maps","0","","Source maps translate minified code to the original source code. This helps developers debug in production. In addition, Lighthouse is able to provide further insights. Consider deploying source maps to take advantage of these benefits. [Learn more about source maps](https://developer.chrome.com/docs/devtools/javascript/source-maps/)."
"best-practices","inspector-issues","1","","Issues logged to the `Issues` panel in Chrome Devtools indicate unresolved problems. They can come from network request failures, insufficient security controls, and other browser concerns. Open up the Issues panel in Chrome DevTools for more details on each issue."
"seo","is-crawlable","1","","Search engines are unable to include your pages in search results if they don't have permission to crawl them. [Learn more about crawler directives](https://developer.chrome.com/docs/lighthouse/seo/is-crawlable/)."
"seo","document-title","1","","The title gives screen reader users an overview of the page, and search engine users rely on it heavily to determine if a page is relevant to their search. [Learn more about document titles](https://dequeuniversity.com/rules/axe/4.10/document-title)."
"seo","meta-description","1","","Meta descriptions may be included in search results to concisely summarize page content. [Learn more about the meta description](https://developer.chrome.com/docs/lighthouse/seo/meta-description/)."
"seo","http-status-code","1","","Pages with unsuccessful HTTP status codes may not be indexed properly. [Learn more about HTTP status codes](https://developer.chrome.com/docs/lighthouse/seo/http-status-code/)."
"seo","link-text","1","","Descriptive link text helps search engines understand your content. [Learn how to make links more accessible](https://developer.chrome.com/docs/lighthouse/seo/link-text/)."
"seo","crawlable-anchors","1","","Search engines may use `href` attributes on links to crawl websites. Ensure that the `href` attribute of anchor elements links to an appropriate destination, so more pages of the site can be discovered. [Learn how to make links crawlable](https://support.google.com/webmasters/answer/9112205)"
"seo","robots-txt","0","129 errors found","If your robots.txt file is malformed, crawlers may not be able to understand how you want your website to be crawled or indexed. [Learn more about robots.txt](https://developer.chrome.com/docs/lighthouse/seo/invalid-robots-txt/)."
"seo","image-alt","null","","Informative elements should aim for short, descriptive alternate text. Decorative elements can be ignored with an empty alt attribute. [Learn more about the `alt` attribute](https://dequeuniversity.com/rules/axe/4.10/image-alt)."
"seo","hreflang","1","","hreflang links tell search engines what version of a page they should list in search results for a given language or region. [Learn more about `hreflang`](https://developer.chrome.com/docs/lighthouse/seo/hreflang/)."
"seo","canonical","null","","Canonical links suggest which URL to show in search results. [Learn more about canonical links](https://developer.chrome.com/docs/lighthouse/seo/canonical/)."
"seo","structured-data","null","","Run the [Structured Data Testing Tool](https://search.google.com/structured-data/testing-tool/) and the [Structured Data Linter](http://linter.structured-data.org/) to validate structured data. [Learn more about Structured Data](https://developer.chrome.com/docs/lighthouse/seo/structured-data/)."